regulation,concept,country,fine_amount,enactment_year,data_breaches,compliance_score,regulation_standardized,concept_category,fine_normalized
California CCPA,data sovereignty rules,United Kingdom,103 million,2018,71,59.86584841970366,California Consumer Privacy Act,Data Sovereignty,103000000.0
gdpr rules,data breach incident,United Kingdom,103 million,2018,458,86.61761457749351,General Data Protection Regulation,Data Breach,103000000.0
CCPA law,information protection,Brazil,100 million,2017,343,83.24426408004217,California Consumer Privacy Act,Data Protection,100000000.0
gdpr rules,cookies tracking,Brazil,294 million,2016,459,61.16531604882809,General Data Protection Regulation,Cookies & Tracking,294000000.0
California CCPA,data privacy,Germany,253 million,2018,58,39.98609717152555,California Consumer Privacy Act,Data Protection,253000000.0
California CCPA,information protection,Japan,476 million,2022,957,19.967378215835975,California Consumer Privacy Act,Data Protection,476000000.0
California CCPA,data privacy,United States,55 million,2020,818,68.03075385877797,California Consumer Privacy Act,Data Protection,55000000.0
LGPD Brazil,right to be forgotten,China,329 million,2016,315,56.32882178455393,Lei Geral de Proteção de Dados,Right to be Forgotten,329000000.0
gdpr rules,data sovereignty rules,France,265 million,2019,91,44.01524937396013,General Data Protection Regulation,Data Sovereignty,265000000.0
California CCPA,data sovereignty rules,United Kingdom,455 million,2018,205,39.10606075732408,California Consumer Privacy Act,Data Sovereignty,455000000.0
California CCPA,right to be forgotten,Japan,50 million,2021,565,54.67102793432797,California Consumer Privacy Act,Right to be Forgotten,50000000.0
PIPL China,right to be forgotten,France,310 million,2019,161,39.51502360018144,Personal Information Protection Law,Right to be Forgotten,310000000.0
Personal Information Protection Law,information protection,United Kingdom,484 million,2019,701,32.53303307632643,Personal Information Protection Law,Data Protection,484000000.0
PIPL China,right to be forgotten,United Kingdom,208 million,2020,791,35.67533266935893,Personal Information Protection Law,Right to be Forgotten,208000000.0
California CCPA,cookies tracking,Brazil,252 million,2016,156,80.21969807540397,California Consumer Privacy Act,Cookies & Tracking,252000000.0
GDPR Regulation,data privacy,Germany,65 million,2019,647,0.5522117123602399,General Data Protection Regulation,Data Protection,65000000.0
CCPA law,data privacy,United States,139 million,2018,288,60.59599747810114,California Consumer Privacy Act,Data Protection,139000000.0
LGPD Brazil,right to be forgotten,Germany,490 million,2019,134,85.00385777897993,Lei Geral de Proteção de Dados,Right to be Forgotten,490000000.0
gdpr rules,data privacy,United Kingdom,268 million,2022,573,32.518332202674706,General Data Protection Regulation,Data Protection,268000000.0
California CCPA,information protection,United States,99 million,2018,960,38.29268747537898,California Consumer Privacy Act,Data Protection,99000000.0
Personal Information Protection Law,data breach incident,Germany,431 million,2020,217,23.598491974895573,Personal Information Protection Law,Data Breach,431000000.0
LGPD Brazil,data breach incident,Germany,398 million,2022,14,11.089082081183133,Lei Geral de Proteção de Dados,Data Breach,398000000.0
PIPL China,data breach incident,United Kingdom,380 million,2022,240,31.435598107632668,Personal Information Protection Law,Data Breach,380000000.0
California CCPA,information protection,Brazil,96 million,2022,230,41.038292303562976,California Consumer Privacy Act,Data Protection,96000000.0
PIPL China,cookies tracking,Brazil,171 million,2022,698,69.47849330397045,Personal Information Protection Law,Cookies & Tracking,171000000.0
gdpr rules,right to be forgotten,Brazil,284 million,2021,952,10.54942598302706,General Data Protection Regulation,Right to be Forgotten,284000000.0
California CCPA,cookies tracking,China,284 million,2019,797,88.32802589188682,California Consumer Privacy Act,Cookies & Tracking,284000000.0
gdpr rules,cookies tracking,Germany,128 million,2022,189,11.005192452767677,General Data Protection Regulation,Cookies & Tracking,128000000.0
CCPA law,information protection,Germany,377 million,2019,972,86.07305832563435,California Consumer Privacy Act,Data Protection,377000000.0
Personal Information Protection Law,data breach incident,Germany,359 million,2021,676,69.24360328902704,Personal Information Protection Law,Data Breach,359000000.0
California CCPA,data breach incident,Japan,234 million,2016,691,36.3629602379294,California Consumer Privacy Act,Data Breach,234000000.0
gdpr rules,cookies tracking,China,497 million,2021,806,49.72485058923854,General Data Protection Regulation,Cookies & Tracking,497000000.0
PIPL China,data privacy,Germany,113 million,2018,112,97.66149558326529,Personal Information Protection Law,Data Protection,113000000.0
Personal Information Protection Law,data sovereignty rules,Germany,220 million,2016,402,68.07054515547668,Personal Information Protection Law,Data Sovereignty,220000000.0
California CCPA,right to be forgotten,Japan,53 million,2022,835,8.085332633271525,California Consumer Privacy Act,Right to be Forgotten,53000000.0
CCPA law,data privacy,United Kingdom,184 million,2021,279,47.03006344460384,California Consumer Privacy Act,Data Protection,184000000.0
Personal Information Protection Law,information protection,United States,98 million,2022,751,79.83451249845511,Personal Information Protection Law,Data Protection,98000000.0
California CCPA,data breach incident,Japan,201 million,2020,770,59.08929431882418,California Consumer Privacy Act,Data Breach,201000000.0
California CCPA,data breach incident,France,443 million,2018,510,22.649577519793795,California Consumer Privacy Act,Data Breach,443000000.0
LGPD Brazil,cookies tracking,Germany,352 million,2016,935,38.67353463005374,Lei Geral de Proteção de Dados,Cookies & Tracking,352000000.0
GDPR Regulation,data breach incident,China,338 million,2016,472,20.907162073771367,General Data Protection Regulation,Data Breach,338000000.0
Personal Information Protection Law,right to be forgotten,United States,415 million,2022,763,17.49549270959362,Personal Information Protection Law,Right to be Forgotten,415000000.0
GDPR Regulation,cookies tracking,China,112 million,2016,1,99.62536997579244,General Data Protection Regulation,Cookies & Tracking,112000000.0
California CCPA,data sovereignty rules,Brazil,254 million,2018,8,27.887135259218187,California Consumer Privacy Act,Data Sovereignty,254000000.0
CCPA law,cookies tracking,Japan,147 million,2016,919,85.09284487675127,California Consumer Privacy Act,Cookies & Tracking,147000000.0
California CCPA,information protection,China,113 million,2021,226,37.22827665617431,California Consumer Privacy Act,Data Protection,113000000.0
CCPA law,data privacy,Brazil,473 million,2017,895,30.536386034439346,California Consumer Privacy Act,Data Protection,473000000.0
Personal Information Protection Law,data breach incident,Brazil,194 million,2016,995,71.2179221347536,Personal Information Protection Law,Data Breach,194000000.0
Personal Information Protection Law,data sovereignty rules,China,289 million,2022,194,65.76128923003434,Personal Information Protection Law,Data Sovereignty,289000000.0
California CCPA,data breach incident,United States,33 million,2021,374,25.046181860558413,California Consumer Privacy Act,Data Breach,33000000.0
Personal Information Protection Law,information protection,Brazil,158 million,2018,437,90.6098787718554,Personal Information Protection Law,Data Protection,158000000.0
gdpr rules,data sovereignty rules,Japan,27 million,2016,283,66.89240596630997,General Data Protection Regulation,Data Sovereignty,27000000.0
PIPL China,cookies tracking,Brazil,481 million,2018,515,2.431596643145384,Personal Information Protection Law,Cookies & Tracking,481000000.0
GDPR Regulation,cookies tracking,China,49 million,2021,476,27.95603417967586,General Data Protection Regulation,Cookies & Tracking,49000000.0
CCPA law,cookies tracking,Germany,6 million,2020,279,33.07503046705137,California Consumer Privacy Act,Cookies & Tracking,6000000.0
PIPL China,data breach incident,China,302 million,2016,115,29.444889206958567,Personal Information Protection Law,Data Breach,302000000.0
LGPD Brazil,data privacy,United States,469 million,2017,792,39.46914668094722,Lei Geral de Proteção de Dados,Data Protection,469000000.0
gdpr rules,data breach incident,Japan,54 million,2017,287,67.11435168240506,General Data Protection Regulation,Data Breach,54000000.0
gdpr rules,data breach incident,France,151 million,2017,985,74.07686177542044,General Data Protection Regulation,Data Breach,151000000.0
GDPR Regulation,data breach incident,Japan,417 million,2022,476,29.651014364779847,General Data Protection Regulation,Data Breach,417000000.0
CCPA law,right to be forgotten,Germany,26 million,2020,827,51.13423988609378,California Consumer Privacy Act,Right to be Forgotten,26000000.0
California CCPA,data sovereignty rules,China,313 million,2016,775,70.19668772577033,California Consumer Privacy Act,Data Sovereignty,313000000.0
Personal Information Protection Law,cookies tracking,United States,400 million,2022,142,37.5582952639944,Personal Information Protection Law,Cookies & Tracking,400000000.0
LGPD Brazil,information protection,United States,322 million,2016,697,54.26446347075766,Lei Geral de Proteção de Dados,Data Protection,322000000.0
Personal Information Protection Law,right to be forgotten,France,125 million,2021,304,3.7348188749214417,Personal Information Protection Law,Right to be Forgotten,125000000.0
LGPD Brazil,information protection,United States,326 million,2019,612,52.224326005480435,Lei Geral de Proteção de Dados,Data Protection,326000000.0
California CCPA,cookies tracking,China,53 million,2020,102,8.5347464993768,California Consumer Privacy Act,Cookies & Tracking,53000000.0
California CCPA,information protection,United Kingdom,365 million,2018,822,13.835309241780136,California Consumer Privacy Act,Data Protection,365000000.0
PIPL China,right to be forgotten,China,144 million,2017,669,4.106751676787579,Personal Information Protection Law,Right to be Forgotten,144000000.0
LGPD Brazil,data breach incident,China,120 million,2017,950,25.08605273466612,Lei Geral de Proteção de Dados,Data Breach,120000000.0
PIPL China,information protection,United Kingdom,474 million,2022,392,68.84999007653664,Personal Information Protection Law,Data Protection,474000000.0
gdpr rules,right to be forgotten,Germany,129 million,2022,801,23.978735915740323,General Data Protection Regulation,Right to be Forgotten,129000000.0
GDPR Regulation,data sovereignty rules,Brazil,118 million,2016,271,51.66962574265666,General Data Protection Regulation,Data Sovereignty,118000000.0
LGPD Brazil,data sovereignty rules,Japan,192 million,2020,246,4.771612769164879,Lei Geral de Proteção de Dados,Data Sovereignty,192000000.0
CCPA law,data sovereignty rules,Japan,154 million,2016,284,11.607264050691624,California Consumer Privacy Act,Data Sovereignty,154000000.0
LGPD Brazil,data privacy,Japan,69 million,2021,957,70.36578593800236,Lei Geral de Proteção de Dados,Data Protection,69000000.0
gdpr rules,right to be forgotten,Brazil,204 million,2022,611,17.320186991001517,General Data Protection Regulation,Right to be Forgotten,204000000.0
PIPL China,right to be forgotten,France,222 million,2021,836,88.66803872980475,Personal Information Protection Law,Right to be Forgotten,222000000.0
LGPD Brazil,right to be forgotten,France,180 million,2018,441,50.103988391525924,Lei Geral de Proteção de Dados,Right to be Forgotten,180000000.0
PIPL China,cookies tracking,United Kingdom,325 million,2017,496,86.71989335550037,Personal Information Protection Law,Cookies & Tracking,325000000.0
CCPA law,cookies tracking,China,160 million,2017,674,64.32882184423532,California Consumer Privacy Act,Cookies & Tracking,160000000.0
PIPL China,data breach incident,United States,417 million,2020,267,38.610263780077425,Personal Information Protection Law,Data Breach,417000000.0
gdpr rules,data breach incident,China,417 million,2020,396,21.458911970837413,General Data Protection Regulation,Data Breach,417000000.0
gdpr rules,data sovereignty rules,United States,302 million,2017,34,33.65542148887265,General Data Protection Regulation,Data Sovereignty,302000000.0
PIPL China,right to be forgotten,France,90 million,2017,417,26.06945282359031,Personal Information Protection Law,Right to be Forgotten,90000000.0
California CCPA,right to be forgotten,Brazil,391 million,2017,492,93.66481518557073,California Consumer Privacy Act,Right to be Forgotten,391000000.0
California CCPA,data privacy,Brazil,376 million,2020,760,54.79718832480873,California Consumer Privacy Act,Data Protection,376000000.0
GDPR Regulation,data breach incident,Germany,357 million,2018,547,37.201808579278314,General Data Protection Regulation,Data Breach,357000000.0
LGPD Brazil,information protection,Brazil,487 million,2019,368,67.98447799002459,Lei Geral de Proteção de Dados,Data Protection,487000000.0
GDPR Regulation,data breach incident,Germany,279 million,2021,272,53.43274735305634,General Data Protection Regulation,Data Breach,279000000.0
GDPR Regulation,information protection,Brazil,84 million,2018,18,38.92016787341631,General Data Protection Regulation,Data Protection,84000000.0
PIPL China,data privacy,United States,396 million,2019,264,31.93136375904149,Personal Information Protection Law,Data Protection,396000000.0
LGPD Brazil,cookies tracking,United States,206 million,2017,366,8.328441119525964,Lei Geral de Proteção de Dados,Cookies & Tracking,206000000.0
CCPA law,cookies tracking,Germany,69 million,2019,890,21.272789502422896,California Consumer Privacy Act,Cookies & Tracking,69000000.0
LGPD Brazil,data privacy,United Kingdom,53 million,2020,692,49.442030470258146,Lei Geral de Proteção de Dados,Data Protection,53000000.0
Personal Information Protection Law,right to be forgotten,Brazil,423 million,2018,214,54.591577016498896,Personal Information Protection Law,Right to be Forgotten,423000000.0
gdpr rules,cookies tracking,Germany,331 million,2017,953,61.82180633162611,General Data Protection Regulation,Cookies & Tracking,331000000.0
Personal Information Protection Law,information protection,Brazil,253 million,2017,392,82.18600592903562,Personal Information Protection Law,Data Protection,253000000.0
gdpr rules,data sovereignty rules,Brazil,122 million,2020,421,98.66395785011754,General Data Protection Regulation,Data Sovereignty,122000000.0
PIPL China,data privacy,Japan,496 million,2019,656,94.72485773838586,Personal Information Protection Law,Data Protection,496000000.0
PIPL China,cookies tracking,China,217 million,2021,251,8.350071669866876,Personal Information Protection Law,Cookies & Tracking,217000000.0
California CCPA,information protection,United Kingdom,445 million,2018,713,90.6354385094736,California Consumer Privacy Act,Data Protection,445000000.0
Personal Information Protection Law,data breach incident,Brazil,39 million,2020,753,46.86606419941263,Personal Information Protection Law,Data Breach,39000000.0
California CCPA,cookies tracking,Brazil,58 million,2022,360,74.4211656943298,California Consumer Privacy Act,Cookies & Tracking,58000000.0
PIPL China,cookies tracking,Japan,387 million,2016,190,47.77148908802277,Personal Information Protection Law,Cookies & Tracking,387000000.0
GDPR Regulation,information protection,Brazil,409 million,2021,57,1.2154474689816341,General Data Protection Regulation,Data Protection,409000000.0
PIPL China,data sovereignty rules,United Kingdom,160 million,2020,79,52.77011090862999,Personal Information Protection Law,Data Sovereignty,160000000.0
California CCPA,data sovereignty rules,China,203 million,2018,658,96.9302535619099,California Consumer Privacy Act,Data Sovereignty,203000000.0
LGPD Brazil,data privacy,Germany,402 million,2021,142,45.454106476777326,Lei Geral de Proteção de Dados,Data Protection,402000000.0
Personal Information Protection Law,information protection,United States,373 million,2022,952,91.52543416691063,Personal Information Protection Law,Data Protection,373000000.0
Personal Information Protection Law,cookies tracking,China,330 million,2020,7,16.967990389556554,Personal Information Protection Law,Cookies & Tracking,330000000.0
gdpr rules,right to be forgotten,China,164 million,2017,539,7.773463696498483,General Data Protection Regulation,Right to be Forgotten,164000000.0
California CCPA,data breach incident,Japan,41 million,2022,144,27.976350716894572,California Consumer Privacy Act,Data Breach,41000000.0
PIPL China,cookies tracking,Brazil,212 million,2020,557,7.620037959916315,Personal Information Protection Law,Cookies & Tracking,212000000.0
gdpr rules,data breach incident,Brazil,390 million,2022,920,41.82430362906189,General Data Protection Regulation,Data Breach,390000000.0
Personal Information Protection Law,right to be forgotten,United States,312 million,2020,4,2.6366974497252005,Personal Information Protection Law,Right to be Forgotten,312000000.0
Personal Information Protection Law,data privacy,France,289 million,2022,176,37.673896993794074,Personal Information Protection Law,Data Protection,289000000.0
LGPD Brazil,data privacy,Japan,282 million,2018,794,56.908146916574765,Lei Geral de Proteção de Dados,Data Protection,282000000.0
gdpr rules,data privacy,United States,417 million,2022,384,1.3671964826997285,General Data Protection Regulation,Data Protection,417000000.0
Personal Information Protection Law,cookies tracking,Germany,311 million,2020,862,74.99107494699719,Personal Information Protection Law,Cookies & Tracking,311000000.0
PIPL China,data sovereignty rules,Brazil,259 million,2020,713,84.96473906774115,Personal Information Protection Law,Data Sovereignty,259000000.0
PIPL China,information protection,Germany,145 million,2021,0,95.40510272587224,Personal Information Protection Law,Data Protection,145000000.0
California CCPA,information protection,Germany,205 million,2016,487,61.81282404578958,California Consumer Privacy Act,Data Protection,205000000.0
LGPD Brazil,right to be forgotten,France,348 million,2017,437,77.23183917356393,Lei Geral de Proteção de Dados,Right to be Forgotten,348000000.0
gdpr rules,cookies tracking,Germany,379 million,2021,235,56.093797153538624,General Data Protection Regulation,Cookies & Tracking,379000000.0
CCPA law,data privacy,Germany,222 million,2022,302,42.05357786650751,California Consumer Privacy Act,Data Protection,222000000.0
PIPL China,information protection,France,229 million,2018,434,90.31510586766262,Personal Information Protection Law,Data Protection,229000000.0
California CCPA,right to be forgotten,Japan,192 million,2017,97,63.66443216222826,California Consumer Privacy Act,Right to be Forgotten,192000000.0
CCPA law,data breach incident,United Kingdom,335 million,2017,307,54.744630689911155,California Consumer Privacy Act,Data Breach,335000000.0
LGPD Brazil,cookies tracking,Japan,481 million,2022,105,86.23637087467452,Lei Geral de Proteção de Dados,Cookies & Tracking,481000000.0
PIPL China,cookies tracking,France,133 million,2016,329,76.89177413153975,Personal Information Protection Law,Cookies & Tracking,133000000.0
PIPL China,right to be forgotten,Japan,340 million,2020,449,32.875161028750824,Personal Information Protection Law,Right to be Forgotten,340000000.0
CCPA law,data breach incident,United States,235 million,2022,760,46.0119158983572,California Consumer Privacy Act,Data Breach,235000000.0
LGPD Brazil,data breach incident,Japan,336 million,2019,359,69.6501466227079,Lei Geral de Proteção de Dados,Data Breach,336000000.0
CCPA law,data breach incident,United States,281 million,2020,671,17.231987120162984,California Consumer Privacy Act,Data Breach,281000000.0
CCPA law,data breach incident,Brazil,122 million,2020,465,27.85903390319586,California Consumer Privacy Act,Data Breach,122000000.0
Personal Information Protection Law,data sovereignty rules,Japan,317 million,2016,644,46.077876803272574,Personal Information Protection Law,Data Sovereignty,317000000.0
Personal Information Protection Law,right to be forgotten,Germany,346 million,2021,729,69.03948286293652,Personal Information Protection Law,Right to be Forgotten,346000000.0
gdpr rules,data privacy,United Kingdom,73 million,2016,213,8.17590319488719,General Data Protection Regulation,Data Protection,73000000.0
CCPA law,data sovereignty rules,Germany,350 million,2017,803,80.62012797930613,California Consumer Privacy Act,Data Sovereignty,350000000.0
CCPA law,data sovereignty rules,China,113 million,2022,302,37.0472102791382,California Consumer Privacy Act,Data Sovereignty,113000000.0
Personal Information Protection Law,right to be forgotten,China,214 million,2022,77,46.25347161331479,Personal Information Protection Law,Right to be Forgotten,214000000.0
gdpr rules,information protection,United States,365 million,2018,6,68.71655054033312,General Data Protection Regulation,Data Protection,365000000.0
Personal Information Protection Law,data breach incident,United Kingdom,407 million,2019,273,44.741236682345466,Personal Information Protection Law,Data Breach,407000000.0
CCPA law,data privacy,United Kingdom,227 million,2020,27,2.007119777772637,California Consumer Privacy Act,Data Protection,227000000.0
GDPR Regulation,information protection,France,441 million,2021,811,23.32164115498012,General Data Protection Regulation,Data Protection,441000000.0
California CCPA,data privacy,China,13 million,2017,66,64.8822840291576,California Consumer Privacy Act,Data Protection,13000000.0
LGPD Brazil,cookies tracking,United Kingdom,146 million,2021,33,55.77422659504374,Lei Geral de Proteção de Dados,Cookies & Tracking,146000000.0
GDPR Regulation,cookies tracking,United States,424 million,2017,424,33.74468338719181,General Data Protection Regulation,Cookies & Tracking,424000000.0
gdpr rules,right to be forgotten,United States,180 million,2018,876,33.0348481280914,General Data Protection Regulation,Right to be Forgotten,180000000.0
GDPR Regulation,data sovereignty rules,Japan,377 million,2020,709,36.535681967405765,General Data Protection Regulation,Data Sovereignty,377000000.0
California CCPA,information protection,United States,112 million,2021,829,80.58648867411435,California Consumer Privacy Act,Data Protection,112000000.0
LGPD Brazil,data privacy,United Kingdom,152 million,2018,242,1.8242481428361046,Lei Geral de Proteção de Dados,Data Protection,152000000.0
California CCPA,information protection,France,229 million,2019,731,91.73956130855316,California Consumer Privacy Act,Data Protection,229000000.0
Personal Information Protection Law,information protection,Germany,335 million,2021,503,72.28960966217757,Personal Information Protection Law,Data Protection,335000000.0
GDPR Regulation,right to be forgotten,United Kingdom,62 million,2018,391,47.661948412641195,General Data Protection Regulation,Right to be Forgotten,62000000.0
California CCPA,data sovereignty rules,Japan,173 million,2017,117,71.09524788367483,California Consumer Privacy Act,Data Sovereignty,173000000.0
GDPR Regulation,cookies tracking,Germany,212 million,2019,558,70.72300956444445,General Data Protection Regulation,Cookies & Tracking,212000000.0
Personal Information Protection Law,data sovereignty rules,Japan,142 million,2018,510,48.114010185481746,Personal Information Protection Law,Data Sovereignty,142000000.0
CCPA law,data privacy,Japan,491 million,2017,9,54.86031179381532,California Consumer Privacy Act,Data Protection,491000000.0
California CCPA,right to be forgotten,Brazil,138 million,2017,595,25.464065476376383,California Consumer Privacy Act,Right to be Forgotten,138000000.0
GDPR Regulation,data privacy,Germany,101 million,2018,910,47.15761885501584,General Data Protection Regulation,Data Protection,101000000.0
Personal Information Protection Law,data privacy,Brazil,419 million,2021,955,96.50269106665125,Personal Information Protection Law,Data Protection,419000000.0
PIPL China,data breach incident,Germany,334 million,2017,587,37.922858496380044,Personal Information Protection Law,Data Breach,334000000.0
Personal Information Protection Law,cookies tracking,Brazil,1 million,2018,872,75.05019247653135,Personal Information Protection Law,Cookies & Tracking,1000000.0
Personal Information Protection Law,data breach incident,Brazil,316 million,2020,4,23.569174606499978,Personal Information Protection Law,Data Breach,316000000.0
gdpr rules,information protection,China,78 million,2016,748,58.83066757950567,General Data Protection Regulation,Data Protection,78000000.0
LGPD Brazil,information protection,United States,402 million,2020,421,53.978106191463304,Lei Geral de Proteção de Dados,Data Protection,402000000.0
LGPD Brazil,data privacy,Germany,63 million,2016,224,39.14821102015019,Lei Geral de Proteção de Dados,Data Protection,63000000.0
Personal Information Protection Law,data sovereignty rules,United States,450 million,2022,946,43.152814313644264,Personal Information Protection Law,Data Sovereignty,450000000.0
LGPD Brazil,data breach incident,France,67 million,2019,14,87.86291153734382,Lei Geral de Proteção de Dados,Data Breach,67000000.0
California CCPA,information protection,United Kingdom,289 million,2018,419,99.76926159238432,California Consumer Privacy Act,Data Protection,289000000.0
GDPR Regulation,data sovereignty rules,Brazil,441 million,2018,950,14.312798554846962,General Data Protection Regulation,Data Sovereignty,441000000.0
Personal Information Protection Law,right to be forgotten,France,196 million,2020,634,75.46352918601166,Personal Information Protection Law,Right to be Forgotten,196000000.0
Personal Information Protection Law,data sovereignty rules,United Kingdom,118 million,2022,227,45.700021928167835,Personal Information Protection Law,Data Sovereignty,118000000.0
LGPD Brazil,data sovereignty rules,Brazil,436 million,2020,46,40.89551770854932,Lei Geral de Proteção de Dados,Data Sovereignty,436000000.0
gdpr rules,data breach incident,United Kingdom,173 million,2018,754,56.55083473229738,General Data Protection Regulation,Data Breach,173000000.0
CCPA law,data breach incident,Brazil,282 million,2019,10,95.90747945640278,California Consumer Privacy Act,Data Breach,282000000.0
Personal Information Protection Law,information protection,United Kingdom,360 million,2022,345,94.72833396118153,Personal Information Protection Law,Data Protection,360000000.0
gdpr rules,data sovereignty rules,Japan,396 million,2017,984,25.60155318536622,General Data Protection Regulation,Data Sovereignty,396000000.0
California CCPA,data breach incident,China,104 million,2019,355,91.87505222607464,California Consumer Privacy Act,Data Breach,104000000.0
PIPL China,right to be forgotten,Germany,133 million,2019,798,60.67150463828559,Personal Information Protection Law,Right to be Forgotten,133000000.0
PIPL China,information protection,Germany,51 million,2021,778,45.08393714041321,Personal Information Protection Law,Data Protection,51000000.0
PIPL China,data sovereignty rules,France,302 million,2021,419,12.466268120326685,Personal Information Protection Law,Data Sovereignty,302000000.0
GDPR Regulation,information protection,United Kingdom,313 million,2018,935,60.78943937942587,General Data Protection Regulation,Data Protection,313000000.0
GDPR Regulation,data sovereignty rules,Germany,431 million,2017,435,78.77898887144924,General Data Protection Regulation,Data Sovereignty,431000000.0
GDPR Regulation,data breach incident,United Kingdom,154 million,2019,536,86.3518140612957,General Data Protection Regulation,Data Breach,154000000.0
gdpr rules,right to be forgotten,United States,294 million,2017,346,45.221794088980715,General Data Protection Regulation,Right to be Forgotten,294000000.0
CCPA law,cookies tracking,United States,427 million,2018,181,17.63869865062233,California Consumer Privacy Act,Cookies & Tracking,427000000.0
California CCPA,information protection,Brazil,455 million,2016,176,78.04957075460877,California Consumer Privacy Act,Data Protection,455000000.0
Personal Information Protection Law,right to be forgotten,China,491 million,2017,468,51.51736824068126,Personal Information Protection Law,Right to be Forgotten,491000000.0
California CCPA,data privacy,Germany,337 million,2019,629,86.06320178907339,California Consumer Privacy Act,Data Protection,337000000.0
PIPL China,data privacy,United Kingdom,63 million,2016,735,6.7076477388427485,Personal Information Protection Law,Data Protection,63000000.0
CCPA law,data breach incident,United States,215 million,2021,31,46.82318284413793,California Consumer Privacy Act,Data Breach,215000000.0
PIPL China,data sovereignty rules,Japan,305 million,2018,17,29.404467922097155,Personal Information Protection Law,Data Sovereignty,305000000.0
LGPD Brazil,right to be forgotten,France,371 million,2021,987,48.1087948387586,Lei Geral de Proteção de Dados,Right to be Forgotten,371000000.0
Personal Information Protection Law,data breach incident,United Kingdom,222 million,2019,896,33.43628113104822,Personal Information Protection Law,Data Breach,222000000.0
LGPD Brazil,data breach incident,France,55 million,2017,978,64.39995432390158,Lei Geral de Proteção de Dados,Data Breach,55000000.0
GDPR Regulation,cookies tracking,France,380 million,2022,348,40.79844953648447,General Data Protection Regulation,Cookies & Tracking,380000000.0
LGPD Brazil,data breach incident,United Kingdom,313 million,2018,766,1.9710537754364155,Lei Geral de Proteção de Dados,Data Breach,313000000.0
GDPR Regulation,data sovereignty rules,United States,54 million,2018,608,55.672158478336605,General Data Protection Regulation,Data Sovereignty,54000000.0
gdpr rules,data breach incident,Japan,264 million,2021,490,96.26493185548746,General Data Protection Regulation,Data Breach,264000000.0
Personal Information Protection Law,data sovereignty rules,Japan,165 million,2022,822,89.63358185211197,Personal Information Protection Law,Data Sovereignty,165000000.0
gdpr rules,data privacy,United Kingdom,7 million,2020,146,12.27768896627085,General Data Protection Regulation,Data Protection,7000000.0
California CCPA,data sovereignty rules,China,403 million,2017,513,91.06240035403039,California Consumer Privacy Act,Data Sovereignty,403000000.0
California CCPA,data breach incident,France,197 million,2022,385,36.30592121950905,California Consumer Privacy Act,Data Breach,197000000.0
California CCPA,cookies tracking,Brazil,119 million,2020,933,77.38345232013403,California Consumer Privacy Act,Cookies & Tracking,119000000.0
gdpr rules,data sovereignty rules,China,393 million,2018,499,97.45472651988699,General Data Protection Regulation,Data Sovereignty,393000000.0
GDPR Regulation,right to be forgotten,Japan,364 million,2018,726,79.98552559473153,General Data Protection Regulation,Right to be Forgotten,364000000.0
gdpr rules,data breach incident,Germany,209 million,2021,520,54.16342146608669,General Data Protection Regulation,Data Breach,209000000.0
GDPR Regulation,data privacy,Japan,237 million,2021,234,42.17039345532818,General Data Protection Regulation,Data Protection,237000000.0
gdpr rules,data sovereignty rules,Brazil,154 million,2017,726,68.31838564454814,General Data Protection Regulation,Data Sovereignty,154000000.0
gdpr rules,data sovereignty rules,France,326 million,2019,40,27.4055220687206,General Data Protection Regulation,Data Sovereignty,326000000.0
PIPL China,data privacy,Japan,17 million,2017,587,20.64212717606032,Personal Information Protection Law,Data Protection,17000000.0
Personal Information Protection Law,data sovereignty rules,United States,362 million,2016,286,87.38900775625153,Personal Information Protection Law,Data Sovereignty,362000000.0
gdpr rules,cookies tracking,Brazil,168 million,2016,820,17.53712786234496,General Data Protection Regulation,Cookies & Tracking,168000000.0
GDPR Regulation,right to be forgotten,Brazil,173 million,2019,701,51.89177052828376,General Data Protection Regulation,Right to be Forgotten,173000000.0
gdpr rules,cookies tracking,Japan,64 million,2018,704,8.279866792512646,General Data Protection Regulation,Cookies & Tracking,64000000.0
CCPA law,right to be forgotten,Brazil,292 million,2020,778,28.869373677069987,California Consumer Privacy Act,Right to be Forgotten,292000000.0
GDPR Regulation,data breach incident,United Kingdom,164 million,2018,309,47.60504021990997,General Data Protection Regulation,Data Breach,164000000.0
Personal Information Protection Law,information protection,Brazil,111 million,2016,761,3.1183135061284672,Personal Information Protection Law,Data Protection,111000000.0
CCPA law,data breach incident,China,148 million,2018,848,49.636624720123635,California Consumer Privacy Act,Data Breach,148000000.0
CCPA law,right to be forgotten,Germany,365 million,2017,449,10.65982531337718,California Consumer Privacy Act,Right to be Forgotten,365000000.0
GDPR Regulation,data privacy,Germany,201 million,2020,938,59.82860582681546,General Data Protection Regulation,Data Protection,201000000.0
LGPD Brazil,data breach incident,United States,25 million,2017,228,0.23393906257782593,Lei Geral de Proteção de Dados,Data Breach,25000000.0
Personal Information Protection Law,information protection,France,435 million,2019,274,31.45965568094109,Personal Information Protection Law,Data Protection,435000000.0
CCPA law,data privacy,Brazil,443 million,2016,329,69.05602324456406,California Consumer Privacy Act,Data Protection,443000000.0
LGPD Brazil,cookies tracking,Japan,497 million,2018,775,63.894938533426185,Lei Geral de Proteção de Dados,Cookies & Tracking,497000000.0
LGPD Brazil,data sovereignty rules,Japan,81 million,2021,199,24.966800885918595,Lei Geral de Proteção de Dados,Data Sovereignty,81000000.0
California CCPA,data breach incident,France,89 million,2016,876,66.99174645500392,California Consumer Privacy Act,Data Breach,89000000.0
gdpr rules,data privacy,United Kingdom,288 million,2017,980,47.32101180813334,General Data Protection Regulation,Data Protection,288000000.0
Personal Information Protection Law,data sovereignty rules,United Kingdom,391 million,2016,882,92.43961953765304,Personal Information Protection Law,Data Sovereignty,391000000.0
CCPA law,data sovereignty rules,France,498 million,2022,989,5.4882614646474925,California Consumer Privacy Act,Data Sovereignty,498000000.0
gdpr rules,data breach incident,France,483 million,2022,272,65.01673504432281,General Data Protection Regulation,Data Breach,483000000.0
CCPA law,cookies tracking,China,152 million,2020,97,88.4998356523281,California Consumer Privacy Act,Cookies & Tracking,152000000.0
gdpr rules,cookies tracking,United Kingdom,171 million,2022,887,53.949129237533725,General Data Protection Regulation,Cookies & Tracking,171000000.0
Personal Information Protection Law,data privacy,Brazil,349 million,2017,160,88.5977748236187,Personal Information Protection Law,Data Protection,349000000.0
California CCPA,information protection,France,426 million,2022,738,87.00988739009298,California Consumer Privacy Act,Data Protection,426000000.0
CCPA law,data sovereignty rules,Brazil,414 million,2017,415,93.25899094252529,California Consumer Privacy Act,Data Sovereignty,414000000.0
LGPD Brazil,information protection,China,379 million,2020,957,8.854341061361815,Lei Geral de Proteção de Dados,Data Protection,379000000.0
PIPL China,cookies tracking,Germany,318 million,2019,238,39.828738397563555,Personal Information Protection Law,Cookies & Tracking,318000000.0
GDPR Regulation,cookies tracking,Brazil,414 million,2016,989,0.3346362042979223,General Data Protection Regulation,Cookies & Tracking,414000000.0
Personal Information Protection Law,information protection,France,429 million,2019,145,23.360775104990992,Personal Information Protection Law,Data Protection,429000000.0
GDPR Regulation,data sovereignty rules,Japan,153 million,2022,584,10.946759867911515,General Data Protection Regulation,Data Sovereignty,153000000.0
California CCPA,cookies tracking,United States,377 million,2017,804,78.6345014415552,California Consumer Privacy Act,Cookies & Tracking,377000000.0
California CCPA,information protection,United Kingdom,427 million,2022,301,60.079844644219804,California Consumer Privacy Act,Data Protection,427000000.0
PIPL China,right to be forgotten,Germany,62 million,2022,563,6.4986409482894025,Personal Information Protection Law,Right to be Forgotten,62000000.0
California CCPA,data sovereignty rules,United Kingdom,72 million,2021,884,83.06425177506246,California Consumer Privacy Act,Data Sovereignty,72000000.0
gdpr rules,data breach incident,France,366 million,2016,217,3.6731937426613626,General Data Protection Regulation,Data Breach,366000000.0
Personal Information Protection Law,data sovereignty rules,Brazil,259 million,2021,46,21.63240230365535,Personal Information Protection Law,Data Sovereignty,259000000.0
CCPA law,cookies tracking,France,9 million,2016,572,26.02333679515273,California Consumer Privacy Act,Cookies & Tracking,9000000.0
gdpr rules,right to be forgotten,Japan,419 million,2016,215,89.74361480462039,General Data Protection Regulation,Right to be Forgotten,419000000.0
Personal Information Protection Law,data sovereignty rules,Brazil,227 million,2022,88,59.293993484170315,Personal Information Protection Law,Data Sovereignty,227000000.0
PIPL China,right to be forgotten,United States,398 million,2016,951,26.560004258870606,Personal Information Protection Law,Right to be Forgotten,398000000.0
PIPL China,data privacy,United States,476 million,2016,737,86.21276172654507,Personal Information Protection Law,Data Protection,476000000.0
LGPD Brazil,data privacy,Brazil,9 million,2018,954,28.139096057752678,Lei Geral de Proteção de Dados,Data Protection,9000000.0
LGPD Brazil,information protection,United States,124 million,2020,175,49.58757350787708,Lei Geral de Proteção de Dados,Data Protection,124000000.0
PIPL China,cookies tracking,Brazil,454 million,2019,964,99.14753351450481,Personal Information Protection Law,Cookies & Tracking,454000000.0
PIPL China,information protection,Brazil,114 million,2018,697,57.131894191957414,Personal Information Protection Law,Data Protection,114000000.0
gdpr rules,data breach incident,Brazil,40 million,2020,288,87.8629986355158,General Data Protection Regulation,Data Breach,40000000.0
California CCPA,data privacy,United States,147 million,2018,815,70.83629767150347,California Consumer Privacy Act,Data Protection,147000000.0
PIPL China,data privacy,Brazil,363 million,2017,355,61.86113782151843,Personal Information Protection Law,Data Protection,363000000.0
California CCPA,data sovereignty rules,United States,422 million,2020,825,46.547000876998354,California Consumer Privacy Act,Data Sovereignty,422000000.0
LGPD Brazil,right to be forgotten,France,31 million,2018,436,74.35082562916078,Lei Geral de Proteção de Dados,Right to be Forgotten,31000000.0
gdpr rules,cookies tracking,France,415 million,2021,588,50.746773376083624,General Data Protection Regulation,Cookies & Tracking,415000000.0
gdpr rules,data sovereignty rules,Japan,295 million,2018,112,55.98443123088295,General Data Protection Regulation,Data Sovereignty,295000000.0
LGPD Brazil,right to be forgotten,China,360 million,2020,674,12.844871809319136,Lei Geral de Proteção de Dados,Right to be Forgotten,360000000.0
Personal Information Protection Law,right to be forgotten,Germany,467 million,2017,830,39.21512114451966,Personal Information Protection Law,Right to be Forgotten,467000000.0
Personal Information Protection Law,data sovereignty rules,Brazil,335 million,2021,195,17.37534753075668,Personal Information Protection Law,Data Sovereignty,335000000.0
gdpr rules,cookies tracking,United States,484 million,2016,523,6.73506014687717,General Data Protection Regulation,Cookies & Tracking,484000000.0
Personal Information Protection Law,data privacy,Japan,394 million,2017,119,4.5742033812512854,Personal Information Protection Law,Data Protection,394000000.0
Personal Information Protection Law,data sovereignty rules,China,306 million,2019,762,13.008624013063198,Personal Information Protection Law,Data Sovereignty,306000000.0
California CCPA,data sovereignty rules,United States,381 million,2016,645,37.18335292387246,California Consumer Privacy Act,Data Sovereignty,381000000.0
CCPA law,data breach incident,France,416 million,2022,537,15.893828327675653,California Consumer Privacy Act,Data Breach,416000000.0
PIPL China,cookies tracking,Germany,226 million,2018,396,85.4209774461566,Personal Information Protection Law,Cookies & Tracking,226000000.0
LGPD Brazil,data sovereignty rules,Brazil,271 million,2018,883,83.99471646724719,Lei Geral de Proteção de Dados,Data Sovereignty,271000000.0
Personal Information Protection Law,cookies tracking,Japan,175 million,2018,538,86.80543225322928,Personal Information Protection Law,Cookies & Tracking,175000000.0
California CCPA,cookies tracking,Brazil,382 million,2020,302,41.97273169261223,California Consumer Privacy Act,Cookies & Tracking,382000000.0
California CCPA,information protection,United States,443 million,2016,452,98.39776479598282,California Consumer Privacy Act,Data Protection,443000000.0
gdpr rules,cookies tracking,Japan,257 million,2022,161,21.31047040250833,General Data Protection Regulation,Cookies & Tracking,257000000.0
GDPR Regulation,data privacy,China,320 million,2017,270,47.15324601025127,General Data Protection Regulation,Data Protection,320000000.0
California CCPA,information protection,Germany,27 million,2016,604,77.65968527917417,California Consumer Privacy Act,Data Protection,27000000.0
CCPA law,information protection,France,79 million,2019,198,62.62203216314154,California Consumer Privacy Act,Data Protection,79000000.0
California CCPA,data sovereignty rules,China,448 million,2017,898,18.545887467665434,California Consumer Privacy Act,Data Sovereignty,448000000.0
GDPR Regulation,information protection,Japan,15 million,2022,272,60.730644826267124,General Data Protection Regulation,Data Protection,15000000.0
California CCPA,data privacy,Japan,340 million,2016,955,6.420893707513409,California Consumer Privacy Act,Data Protection,340000000.0
gdpr rules,data breach incident,Brazil,117 million,2016,71,46.459859663581014,General Data Protection Regulation,Data Breach,117000000.0
gdpr rules,information protection,United Kingdom,478 million,2022,165,29.166257870930323,General Data Protection Regulation,Data Protection,478000000.0
GDPR Regulation,data privacy,China,301 million,2021,424,3.9618825348357145,General Data Protection Regulation,Data Protection,301000000.0
CCPA law,data privacy,Germany,214 million,2019,888,57.09045018441643,California Consumer Privacy Act,Data Protection,214000000.0
Personal Information Protection Law,information protection,China,463 million,2019,672,55.96486834869141,Personal Information Protection Law,Data Protection,463000000.0
gdpr rules,cookies tracking,Germany,416 million,2017,224,8.786649914483336,General Data Protection Regulation,Cookies & Tracking,416000000.0
Personal Information Protection Law,data privacy,Brazil,461 million,2019,665,39.69232762015961,Personal Information Protection Law,Data Protection,461000000.0
Personal Information Protection Law,right to be forgotten,Japan,194 million,2017,142,20.01502442448101,Personal Information Protection Law,Right to be Forgotten,194000000.0
California CCPA,data privacy,United States,375 million,2020,962,89.62213026850382,California Consumer Privacy Act,Data Protection,375000000.0
Personal Information Protection Law,data privacy,United Kingdom,9 million,2022,415,29.883588633731385,Personal Information Protection Law,Data Protection,9000000.0
gdpr rules,cookies tracking,Japan,204 million,2019,317,61.2257985881158,General Data Protection Regulation,Cookies & Tracking,204000000.0
LGPD Brazil,data breach incident,China,383 million,2019,389,81.72977699624937,Lei Geral de Proteção de Dados,Data Breach,383000000.0
LGPD Brazil,data breach incident,United Kingdom,410 million,2016,699,73.15895217553319,Lei Geral de Proteção de Dados,Data Breach,410000000.0
gdpr rules,information protection,China,459 million,2022,523,15.954468011318834,General Data Protection Regulation,Data Protection,459000000.0
CCPA law,right to be forgotten,United States,301 million,2022,749,33.68957917711069,California Consumer Privacy Act,Right to be Forgotten,301000000.0
PIPL China,data sovereignty rules,United Kingdom,392 million,2018,811,55.53635509376312,Personal Information Protection Law,Data Sovereignty,392000000.0
CCPA law,information protection,Brazil,402 million,2016,58,65.03256863469369,California Consumer Privacy Act,Data Protection,402000000.0
CCPA law,data breach incident,Brazil,202 million,2020,949,3.0652502205806065,California Consumer Privacy Act,Data Breach,202000000.0
LGPD Brazil,cookies tracking,Germany,353 million,2021,724,72.7169069766308,Lei Geral de Proteção de Dados,Cookies & Tracking,353000000.0
California CCPA,data sovereignty rules,China,445 million,2019,363,76.77238880667802,California Consumer Privacy Act,Data Sovereignty,445000000.0
gdpr rules,data privacy,United States,444 million,2016,419,2.9394445756507293,General Data Protection Regulation,Data Protection,444000000.0
California CCPA,right to be forgotten,United Kingdom,354 million,2017,931,42.17209268734554,California Consumer Privacy Act,Right to be Forgotten,354000000.0
CCPA law,data breach incident,France,426 million,2021,636,21.066218900566657,California Consumer Privacy Act,Data Breach,426000000.0
gdpr rules,data sovereignty rules,United Kingdom,237 million,2016,866,77.60002070354295,General Data Protection Regulation,Data Sovereignty,237000000.0
Personal Information Protection Law,right to be forgotten,China,100 million,2021,333,51.26152052058052,Personal Information Protection Law,Right to be Forgotten,100000000.0
PIPL China,information protection,Brazil,293 million,2016,317,9.739339255355217,Personal Information Protection Law,Data Protection,293000000.0
LGPD Brazil,information protection,United Kingdom,381 million,2016,83,59.29508514349274,Lei Geral de Proteção de Dados,Data Protection,381000000.0
GDPR Regulation,data breach incident,Germany,326 million,2016,27,25.813343270112753,General Data Protection Regulation,Data Breach,326000000.0
PIPL China,data privacy,China,229 million,2019,300,23.702785710833616,Personal Information Protection Law,Data Protection,229000000.0
CCPA law,right to be forgotten,United States,287 million,2021,269,33.08893629891719,California Consumer Privacy Act,Right to be Forgotten,287000000.0
gdpr rules,cookies tracking,Japan,93 million,2016,256,44.94338352137377,General Data Protection Regulation,Cookies & Tracking,93000000.0
CCPA law,cookies tracking,Germany,264 million,2016,575,35.92507479162455,California Consumer Privacy Act,Cookies & Tracking,264000000.0
GDPR Regulation,data breach incident,Brazil,284 million,2022,996,53.35119252996956,General Data Protection Regulation,Data Breach,284000000.0
GDPR Regulation,cookies tracking,China,305 million,2022,718,55.81402495938629,General Data Protection Regulation,Cookies & Tracking,305000000.0
PIPL China,cookies tracking,France,251 million,2021,641,12.297080852962672,Personal Information Protection Law,Cookies & Tracking,251000000.0
California CCPA,right to be forgotten,Brazil,293 million,2016,118,22.470117697267998,California Consumer Privacy Act,Right to be Forgotten,293000000.0
PIPL China,data breach incident,Brazil,485 million,2016,690,4.15728590503921,Personal Information Protection Law,Data Breach,485000000.0
California CCPA,data sovereignty rules,France,490 million,2018,810,1.7379790185479638,California Consumer Privacy Act,Data Sovereignty,490000000.0
gdpr rules,data sovereignty rules,Germany,217 million,2022,222,25.422457989749326,General Data Protection Regulation,Data Sovereignty,217000000.0
gdpr rules,cookies tracking,Japan,427 million,2019,150,2.9973589872677953,General Data Protection Regulation,Cookies & Tracking,427000000.0
California CCPA,right to be forgotten,France,301 million,2019,374,16.23818946623209,California Consumer Privacy Act,Right to be Forgotten,301000000.0
GDPR Regulation,data sovereignty rules,Japan,341 million,2020,494,17.71497894473859,General Data Protection Regulation,Data Sovereignty,341000000.0
GDPR Regulation,right to be forgotten,United States,290 million,2017,413,49.71747640084273,General Data Protection Regulation,Right to be Forgotten,290000000.0
gdpr rules,data privacy,China,145 million,2018,839,79.55103716964031,General Data Protection Regulation,Data Protection,145000000.0
GDPR Regulation,data privacy,United States,452 million,2022,975,82.68388837118775,General Data Protection Regulation,Data Protection,452000000.0
PIPL China,data privacy,France,304 million,2021,219,15.928744524280514,Personal Information Protection Law,Data Protection,304000000.0
Personal Information Protection Law,data privacy,Germany,192 million,2016,88,87.07534503372591,Personal Information Protection Law,Data Protection,192000000.0
PIPL China,data sovereignty rules,United Kingdom,73 million,2016,970,87.8515561301348,Personal Information Protection Law,Data Sovereignty,73000000.0
Personal Information Protection Law,information protection,China,381 million,2021,18,80.78459419412586,Personal Information Protection Law,Data Protection,381000000.0
PIPL China,data privacy,United Kingdom,82 million,2018,364,81.78342161750216,Personal Information Protection Law,Data Protection,82000000.0
Personal Information Protection Law,information protection,United Kingdom,344 million,2016,724,32.45858299002703,Personal Information Protection Law,Data Protection,344000000.0
gdpr rules,data sovereignty rules,United States,76 million,2019,604,44.86936226225306,General Data Protection Regulation,Data Sovereignty,76000000.0
GDPR Regulation,data breach incident,China,305 million,2021,985,58.706170770115094,General Data Protection Regulation,Data Breach,305000000.0
Personal Information Protection Law,information protection,France,456 million,2017,941,50.04453091307415,Personal Information Protection Law,Data Protection,456000000.0
gdpr rules,right to be forgotten,Japan,85 million,2019,628,81.37662883195864,General Data Protection Regulation,Right to be Forgotten,85000000.0
California CCPA,data sovereignty rules,France,153 million,2020,974,53.360254672687844,California Consumer Privacy Act,Data Sovereignty,153000000.0
CCPA law,information protection,Japan,271 million,2017,363,95.55236959549347,California Consumer Privacy Act,Data Protection,271000000.0
PIPL China,data breach incident,United Kingdom,493 million,2022,116,89.8030548949987,Personal Information Protection Law,Data Breach,493000000.0
California CCPA,data breach incident,United States,281 million,2022,323,93.44360268055144,California Consumer Privacy Act,Data Breach,281000000.0
CCPA law,right to be forgotten,Japan,470 million,2020,963,25.677656772050796,California Consumer Privacy Act,Right to be Forgotten,470000000.0
Personal Information Protection Law,data breach incident,Brazil,52 million,2022,155,53.91612766752545,Personal Information Protection Law,Data Breach,52000000.0
gdpr rules,cookies tracking,Japan,144 million,2017,1,27.262400073353376,General Data Protection Regulation,Cookies & Tracking,144000000.0
gdpr rules,data privacy,Japan,132 million,2018,262,68.11178539649828,General Data Protection Regulation,Data Protection,132000000.0
LGPD Brazil,data sovereignty rules,United Kingdom,74 million,2022,958,10.687692309474384,Lei Geral de Proteção de Dados,Data Sovereignty,74000000.0
PIPL China,right to be forgotten,China,426 million,2019,451,8.703896258765864,Personal Information Protection Law,Right to be Forgotten,426000000.0
GDPR Regulation,cookies tracking,Brazil,310 million,2017,558,95.14033422066571,General Data Protection Regulation,Cookies & Tracking,310000000.0
Personal Information Protection Law,information protection,Brazil,375 million,2021,219,22.807977194893247,Personal Information Protection Law,Data Protection,375000000.0
LGPD Brazil,right to be forgotten,France,9 million,2016,636,90.58911047877604,Lei Geral de Proteção de Dados,Right to be Forgotten,9000000.0
GDPR Regulation,right to be forgotten,United States,152 million,2020,579,27.48060355481361,General Data Protection Regulation,Right to be Forgotten,152000000.0
California CCPA,cookies tracking,United Kingdom,19 million,2017,856,9.553531383466819,California Consumer Privacy Act,Cookies & Tracking,19000000.0
gdpr rules,data privacy,United Kingdom,164 million,2017,580,16.801420774486342,General Data Protection Regulation,Data Protection,164000000.0
California CCPA,right to be forgotten,Germany,483 million,2022,660,9.571455552016172,California Consumer Privacy Act,Right to be Forgotten,483000000.0
PIPL China,data breach incident,China,432 million,2022,159,63.796079331597014,Personal Information Protection Law,Data Breach,432000000.0
Personal Information Protection Law,data sovereignty rules,Brazil,457 million,2016,253,14.177439352710186,Personal Information Protection Law,Data Sovereignty,457000000.0
CCPA law,data sovereignty rules,France,320 million,2018,553,42.819961492561475,California Consumer Privacy Act,Data Sovereignty,320000000.0
GDPR Regulation,data privacy,United States,167 million,2022,279,12.839428945412523,General Data Protection Regulation,Data Protection,167000000.0
California CCPA,right to be forgotten,Japan,19 million,2017,287,27.416066655980586,California Consumer Privacy Act,Right to be Forgotten,19000000.0
California CCPA,data sovereignty rules,Germany,494 million,2019,898,40.11879140389827,California Consumer Privacy Act,Data Sovereignty,494000000.0
CCPA law,information protection,Germany,353 million,2022,707,44.24099364806695,California Consumer Privacy Act,Data Protection,353000000.0
gdpr rules,cookies tracking,Brazil,316 million,2019,538,64.01682238281661,General Data Protection Regulation,Cookies & Tracking,316000000.0
Personal Information Protection Law,right to be forgotten,United States,264 million,2021,811,32.43337531153756,Personal Information Protection Law,Right to be Forgotten,264000000.0
Personal Information Protection Law,information protection,France,259 million,2022,171,66.18391898493786,Personal Information Protection Law,Data Protection,259000000.0
CCPA law,right to be forgotten,United Kingdom,209 million,2021,115,6.0142342600785215,California Consumer Privacy Act,Right to be Forgotten,209000000.0
gdpr rules,cookies tracking,Brazil,300 million,2020,476,69.00048908206658,General Data Protection Regulation,Cookies & Tracking,300000000.0
gdpr rules,information protection,Japan,311 million,2016,54,75.61633288952461,General Data Protection Regulation,Data Protection,311000000.0
California CCPA,cookies tracking,United States,145 million,2021,236,11.982900201764634,California Consumer Privacy Act,Cookies & Tracking,145000000.0
Personal Information Protection Law,data sovereignty rules,China,115 million,2019,320,84.20332943764213,Personal Information Protection Law,Data Sovereignty,115000000.0
California CCPA,information protection,Japan,149 million,2017,455,75.52704204968079,California Consumer Privacy Act,Data Protection,149000000.0
PIPL China,cookies tracking,Japan,161 million,2019,737,6.310903307915017,Personal Information Protection Law,Cookies & Tracking,161000000.0
GDPR Regulation,right to be forgotten,Brazil,292 million,2017,360,8.764274676383854,General Data Protection Regulation,Right to be Forgotten,292000000.0
GDPR Regulation,data privacy,Germany,475 million,2018,834,39.698151707428345,General Data Protection Regulation,Data Protection,475000000.0
gdpr rules,cookies tracking,France,407 million,2022,261,91.93919732144174,General Data Protection Regulation,Cookies & Tracking,407000000.0
LGPD Brazil,information protection,China,427 million,2020,243,20.85105143573358,Lei Geral de Proteção de Dados,Data Protection,427000000.0
GDPR Regulation,right to be forgotten,Japan,239 million,2017,428,38.06232934765801,General Data Protection Regulation,Right to be Forgotten,239000000.0
gdpr rules,information protection,Japan,216 million,2021,66,79.00304363070614,General Data Protection Regulation,Data Protection,216000000.0
Personal Information Protection Law,data privacy,United Kingdom,436 million,2020,674,17.35245149865087,Personal Information Protection Law,Data Protection,436000000.0
CCPA law,right to be forgotten,Japan,130 million,2019,977,64.0972077345332,California Consumer Privacy Act,Right to be Forgotten,130000000.0
gdpr rules,data privacy,Brazil,25 million,2021,288,92.27571905133944,General Data Protection Regulation,Data Protection,25000000.0
GDPR Regulation,information protection,Japan,270 million,2021,380,31.753144787673705,General Data Protection Regulation,Data Protection,270000000.0
GDPR Regulation,information protection,Germany,483 million,2020,116,12.17619111252748,General Data Protection Regulation,Data Protection,483000000.0
gdpr rules,cookies tracking,Germany,405 million,2022,579,7.9965394359301945,General Data Protection Regulation,Cookies & Tracking,405000000.0
California CCPA,data sovereignty rules,United Kingdom,12 million,2021,531,43.95116886329101,California Consumer Privacy Act,Data Sovereignty,12000000.0
LGPD Brazil,information protection,Brazil,316 million,2018,253,60.255316384286495,Lei Geral de Proteção de Dados,Data Protection,316000000.0
CCPA law,data breach incident,Brazil,151 million,2018,929,45.98004237693202,California Consumer Privacy Act,Data Breach,151000000.0
Personal Information Protection Law,data breach incident,France,130 million,2020,926,69.50352288585532,Personal Information Protection Law,Data Breach,130000000.0
LGPD Brazil,data breach incident,Germany,457 million,2018,148,12.138493942242889,Lei Geral de Proteção de Dados,Data Breach,457000000.0
Personal Information Protection Law,data breach incident,United Kingdom,190 million,2019,608,50.94221281497897,Personal Information Protection Law,Data Breach,190000000.0
GDPR Regulation,data sovereignty rules,United Kingdom,103 million,2019,819,17.375259566229452,General Data Protection Regulation,Data Sovereignty,103000000.0
California CCPA,information protection,United Kingdom,420 million,2017,62,79.20936337605433,California Consumer Privacy Act,Data Protection,420000000.0
Personal Information Protection Law,data sovereignty rules,United States,191 million,2022,154,41.4129752528927,Personal Information Protection Law,Data Sovereignty,191000000.0
LGPD Brazil,data sovereignty rules,Brazil,14 million,2021,644,1.1031264428647214,Lei Geral de Proteção de Dados,Data Sovereignty,14000000.0
Personal Information Protection Law,data breach incident,Brazil,386 million,2021,741,25.98132087450342,Personal Information Protection Law,Data Breach,386000000.0
LGPD Brazil,right to be forgotten,United Kingdom,138 million,2020,64,32.35003949114738,Lei Geral de Proteção de Dados,Right to be Forgotten,138000000.0
gdpr rules,data sovereignty rules,Brazil,474 million,2020,337,6.4616679844086145,General Data Protection Regulation,Data Sovereignty,474000000.0
California CCPA,data privacy,United States,160 million,2016,699,64.60901234625081,California Consumer Privacy Act,Data Protection,160000000.0
California CCPA,data sovereignty rules,France,405 million,2021,707,86.46603921404177,California Consumer Privacy Act,Data Sovereignty,405000000.0
California CCPA,right to be forgotten,United States,112 million,2016,732,39.44762785700353,California Consumer Privacy Act,Right to be Forgotten,112000000.0
gdpr rules,data sovereignty rules,France,422 million,2020,624,95.53346865039283,General Data Protection Regulation,Data Sovereignty,422000000.0
GDPR Regulation,data privacy,Germany,17 million,2017,571,7.641685943805143,General Data Protection Regulation,Data Protection,17000000.0
gdpr rules,right to be forgotten,France,97 million,2019,231,46.147746462473414,General Data Protection Regulation,Right to be Forgotten,97000000.0
LGPD Brazil,right to be forgotten,United States,203 million,2021,199,22.696469436536415,Lei Geral de Proteção de Dados,Right to be Forgotten,203000000.0
California CCPA,data sovereignty rules,United States,401 million,2020,415,98.82752710001313,California Consumer Privacy Act,Data Sovereignty,401000000.0
PIPL China,data sovereignty rules,Germany,87 million,2022,42,65.90355342036808,Personal Information Protection Law,Data Sovereignty,87000000.0
CCPA law,data privacy,Brazil,435 million,2019,276,38.759523148276955,California Consumer Privacy Act,Data Protection,435000000.0
Personal Information Protection Law,cookies tracking,United States,415 million,2019,398,94.23153896731928,Personal Information Protection Law,Cookies & Tracking,415000000.0
California CCPA,data breach incident,United States,499 million,2017,260,54.96160437189245,California Consumer Privacy Act,Data Breach,499000000.0
gdpr rules,information protection,United Kingdom,352 million,2019,336,29.544477747742025,General Data Protection Regulation,Data Protection,352000000.0
GDPR Regulation,data privacy,France,256 million,2022,945,1.0427699397403067,General Data Protection Regulation,Data Protection,256000000.0
Personal Information Protection Law,cookies tracking,Japan,292 million,2016,168,95.9826518075929,Personal Information Protection Law,Cookies & Tracking,292000000.0
Personal Information Protection Law,right to be forgotten,France,119 million,2020,675,29.282203670096475,Personal Information Protection Law,Right to be Forgotten,119000000.0
gdpr rules,information protection,Brazil,488 million,2020,159,74.8073179429532,General Data Protection Regulation,Data Protection,488000000.0
California CCPA,right to be forgotten,United States,288 million,2017,782,11.080796217980705,California Consumer Privacy Act,Right to be Forgotten,288000000.0
LGPD Brazil,data privacy,Germany,402 million,2018,845,43.940498969445215,Lei Geral de Proteção de Dados,Data Protection,402000000.0
gdpr rules,information protection,China,473 million,2021,979,12.150137630091805,General Data Protection Regulation,Data Protection,473000000.0
CCPA law,information protection,Germany,288 million,2020,994,67.14549348946433,California Consumer Privacy Act,Data Protection,288000000.0
LGPD Brazil,data privacy,China,222 million,2016,942,25.224102017336158,Lei Geral de Proteção de Dados,Data Protection,222000000.0
Personal Information Protection Law,data sovereignty rules,Japan,397 million,2021,359,55.781322551106996,Personal Information Protection Law,Data Sovereignty,397000000.0
California CCPA,data breach incident,Japan,151 million,2021,234,26.933129830202507,California Consumer Privacy Act,Data Breach,151000000.0
PIPL China,data sovereignty rules,France,348 million,2017,540,68.52980161158733,Personal Information Protection Law,Data Sovereignty,348000000.0
CCPA law,right to be forgotten,United Kingdom,436 million,2022,406,84.07030280112,California Consumer Privacy Act,Right to be Forgotten,436000000.0
Personal Information Protection Law,data breach incident,Brazil,461 million,2020,352,50.83605469162799,Personal Information Protection Law,Data Breach,461000000.0
Personal Information Protection Law,data breach incident,United Kingdom,191 million,2020,29,87.33229158608077,Personal Information Protection Law,Data Breach,191000000.0
GDPR Regulation,data sovereignty rules,United Kingdom,367 million,2017,185,0.9331619827093296,General Data Protection Regulation,Data Sovereignty,367000000.0
California CCPA,data sovereignty rules,United States,129 million,2016,899,9.917809958721591,California Consumer Privacy Act,Data Sovereignty,129000000.0
gdpr rules,right to be forgotten,United States,224 million,2016,9,74.23480505725092,General Data Protection Regulation,Right to be Forgotten,224000000.0
LGPD Brazil,data breach incident,United States,302 million,2017,936,37.52599044426663,Lei Geral de Proteção de Dados,Data Breach,302000000.0
California CCPA,cookies tracking,Japan,393 million,2017,601,83.99639802821825,California Consumer Privacy Act,Cookies & Tracking,393000000.0
GDPR Regulation,information protection,Japan,12 million,2016,417,75.86763901110048,General Data Protection Regulation,Data Protection,12000000.0
CCPA law,data breach incident,United Kingdom,20 million,2022,69,87.66507618282006,California Consumer Privacy Act,Data Breach,20000000.0
gdpr rules,cookies tracking,United Kingdom,101 million,2020,131,72.2070938202737,General Data Protection Regulation,Cookies & Tracking,101000000.0
Personal Information Protection Law,data breach incident,France,24 million,2020,741,41.262184084862376,Personal Information Protection Law,Data Breach,24000000.0
LGPD Brazil,data sovereignty rules,France,488 million,2021,941,35.54930104413574,Lei Geral de Proteção de Dados,Data Sovereignty,488000000.0
PIPL China,cookies tracking,Germany,57 million,2022,582,48.09728898861238,Personal Information Protection Law,Cookies & Tracking,57000000.0
CCPA law,data sovereignty rules,France,14 million,2022,499,56.06600944161709,California Consumer Privacy Act,Data Sovereignty,14000000.0
gdpr rules,information protection,France,254 million,2018,158,2.293281126804203,General Data Protection Regulation,Data Protection,254000000.0
GDPR Regulation,information protection,United States,403 million,2021,663,33.42383186960608,General Data Protection Regulation,Data Protection,403000000.0
gdpr rules,information protection,Brazil,30 million,2022,867,51.72690564416094,General Data Protection Regulation,Data Protection,30000000.0
PIPL China,cookies tracking,Japan,432 million,2022,112,43.40193661738753,Personal Information Protection Law,Cookies & Tracking,432000000.0
LGPD Brazil,cookies tracking,Germany,146 million,2018,475,73.56631142391899,Lei Geral de Proteção de Dados,Cookies & Tracking,146000000.0
GDPR Regulation,cookies tracking,Japan,459 million,2020,160,42.1248053294072,General Data Protection Regulation,Cookies & Tracking,459000000.0
California CCPA,data breach incident,United Kingdom,260 million,2021,558,83.98022856356172,California Consumer Privacy Act,Data Breach,260000000.0
LGPD Brazil,data privacy,France,75 million,2020,504,56.55499649214404,Lei Geral de Proteção de Dados,Data Protection,75000000.0
gdpr rules,data breach incident,Brazil,138 million,2018,624,58.5810145971902,General Data Protection Regulation,Data Breach,138000000.0
PIPL China,information protection,Germany,118 million,2018,876,78.2581939851338,Personal Information Protection Law,Data Protection,118000000.0
gdpr rules,data breach incident,Japan,403 million,2017,580,84.19335667918087,General Data Protection Regulation,Data Breach,403000000.0
California CCPA,data privacy,Brazil,421 million,2017,703,48.29688720853552,California Consumer Privacy Act,Data Protection,421000000.0
gdpr rules,cookies tracking,Japan,70 million,2022,294,49.646115235529976,General Data Protection Regulation,Cookies & Tracking,70000000.0
GDPR Regulation,cookies tracking,Japan,129 million,2016,181,22.522370226848977,General Data Protection Regulation,Cookies & Tracking,129000000.0
California CCPA,data privacy,United Kingdom,364 million,2019,663,47.206043419699824,California Consumer Privacy Act,Data Protection,364000000.0
Personal Information Protection Law,cookies tracking,France,213 million,2021,341,26.170568373590598,Personal Information Protection Law,Cookies & Tracking,213000000.0
LGPD Brazil,cookies tracking,Japan,163 million,2017,847,37.12070938899983,Lei Geral de Proteção de Dados,Cookies & Tracking,163000000.0
gdpr rules,data privacy,Brazil,479 million,2021,555,15.638180440344795,General Data Protection Regulation,Data Protection,479000000.0
CCPA law,cookies tracking,France,228 million,2017,874,13.924537111759516,California Consumer Privacy Act,Cookies & Tracking,228000000.0
gdpr rules,data privacy,United States,196 million,2022,69,89.98333456872724,General Data Protection Regulation,Data Protection,196000000.0
CCPA law,cookies tracking,United Kingdom,466 million,2022,916,5.225787928602377,California Consumer Privacy Act,Cookies & Tracking,466000000.0
Personal Information Protection Law,data privacy,Brazil,492 million,2017,20,25.65300624442478,Personal Information Protection Law,Data Protection,492000000.0
LGPD Brazil,right to be forgotten,Brazil,131 million,2016,914,30.869874337319526,Lei Geral de Proteção de Dados,Right to be Forgotten,131000000.0
California CCPA,data privacy,Brazil,341 million,2016,160,15.124682873493455,California Consumer Privacy Act,Data Protection,341000000.0
LGPD Brazil,right to be forgotten,Germany,196 million,2022,597,56.12227882825249,Lei Geral de Proteção de Dados,Right to be Forgotten,196000000.0
PIPL China,data sovereignty rules,France,81 million,2019,953,54.254580339542294,Personal Information Protection Law,Data Sovereignty,81000000.0
Personal Information Protection Law,data privacy,Germany,423 million,2017,965,22.614705158994074,Personal Information Protection Law,Data Protection,423000000.0
GDPR Regulation,right to be forgotten,Brazil,98 million,2020,513,66.41879145054173,General Data Protection Regulation,Right to be Forgotten,98000000.0
gdpr rules,right to be forgotten,France,57 million,2018,636,74.92837126957764,General Data Protection Regulation,Right to be Forgotten,57000000.0
LGPD Brazil,information protection,China,76 million,2018,649,97.80618179735285,Lei Geral de Proteção de Dados,Data Protection,76000000.0
LGPD Brazil,data privacy,United Kingdom,243 million,2020,531,54.48477590845157,Lei Geral de Proteção de Dados,Data Protection,243000000.0
Personal Information Protection Law,cookies tracking,Japan,68 million,2022,375,12.625378279261346,Personal Information Protection Law,Cookies & Tracking,68000000.0
Personal Information Protection Law,cookies tracking,China,79 million,2021,922,94.66379541996072,Personal Information Protection Law,Cookies & Tracking,79000000.0
gdpr rules,cookies tracking,France,168 million,2016,446,55.25136147827252,General Data Protection Regulation,Cookies & Tracking,168000000.0
Personal Information Protection Law,data breach incident,China,248 million,2016,553,49.781250803429025,Personal Information Protection Law,Data Breach,248000000.0
LGPD Brazil,cookies tracking,United Kingdom,262 million,2016,378,38.04200075075623,Lei Geral de Proteção de Dados,Cookies & Tracking,262000000.0
PIPL China,data breach incident,United States,403 million,2019,585,9.403610443426636,Personal Information Protection Law,Data Breach,403000000.0
GDPR Regulation,cookies tracking,Brazil,476 million,2020,71,79.79141596158941,General Data Protection Regulation,Cookies & Tracking,476000000.0
LGPD Brazil,information protection,France,47 million,2017,827,69.58991181688025,Lei Geral de Proteção de Dados,Data Protection,47000000.0
gdpr rules,data breach incident,Brazil,268 million,2018,282,27.690448737780894,General Data Protection Regulation,Data Breach,268000000.0
Personal Information Protection Law,data privacy,China,40 million,2016,519,89.39897100078704,Personal Information Protection Law,Data Protection,40000000.0
CCPA law,data sovereignty rules,China,380 million,2021,965,96.77558771033888,California Consumer Privacy Act,Data Sovereignty,380000000.0
GDPR Regulation,cookies tracking,United States,275 million,2021,886,96.71266152591704,General Data Protection Regulation,Cookies & Tracking,275000000.0
PIPL China,data sovereignty rules,Brazil,63 million,2021,268,32.30111983862138,Personal Information Protection Law,Data Sovereignty,63000000.0
Personal Information Protection Law,right to be forgotten,United Kingdom,412 million,2018,246,12.982644895171758,Personal Information Protection Law,Right to be Forgotten,412000000.0
GDPR Regulation,data breach incident,Germany,325 million,2019,792,82.2958446221486,General Data Protection Regulation,Data Breach,325000000.0
Personal Information Protection Law,information protection,Brazil,154 million,2018,700,33.684050186110326,Personal Information Protection Law,Data Protection,154000000.0
California CCPA,information protection,France,265 million,2021,210,75.95824101146317,California Consumer Privacy Act,Data Protection,265000000.0
CCPA law,right to be forgotten,United Kingdom,377 million,2019,875,31.406079499273197,California Consumer Privacy Act,Right to be Forgotten,377000000.0
gdpr rules,information protection,United States,216 million,2019,475,52.54349125456928,General Data Protection Regulation,Data Protection,216000000.0
PIPL China,cookies tracking,France,496 million,2021,416,23.98741127559447,Personal Information Protection Law,Cookies & Tracking,496000000.0
gdpr rules,data privacy,United States,180 million,2022,337,74.88263369633064,General Data Protection Regulation,Data Protection,180000000.0
LGPD Brazil,information protection,Germany,441 million,2020,619,47.128716739816454,Lei Geral de Proteção de Dados,Data Protection,441000000.0
CCPA law,data breach incident,Germany,271 million,2019,892,67.6177562075434,California Consumer Privacy Act,Data Breach,271000000.0
CCPA law,cookies tracking,United Kingdom,66 million,2022,453,85.57372589057863,California Consumer Privacy Act,Cookies & Tracking,66000000.0
GDPR Regulation,data breach incident,China,124 million,2017,920,21.552986879133186,General Data Protection Regulation,Data Breach,124000000.0
LGPD Brazil,data sovereignty rules,United States,143 million,2016,628,40.83063427594511,Lei Geral de Proteção de Dados,Data Sovereignty,143000000.0
California CCPA,cookies tracking,Germany,142 million,2022,392,78.84473432532987,California Consumer Privacy Act,Cookies & Tracking,142000000.0
LGPD Brazil,right to be forgotten,United States,333 million,2016,645,67.0732311905834,Lei Geral de Proteção de Dados,Right to be Forgotten,333000000.0
CCPA law,data breach incident,France,407 million,2021,549,22.673038292351066,California Consumer Privacy Act,Data Breach,407000000.0
